content/blog/entry1.html,Some content,admin,Wed Oct 22 18:23:49 EDT 2014
content/blog/entry2.html,Something else,admin,Sun Oct 12 07:08:12 EDT 2014
content/blog/entry3.html,A September entry,admin,Wed Sep 24 13:02:53 EDT 2014
content/blog/entry4.html,Some happenings,admin,Tue Sep 23 11:06:12 EDT 2014
content/blog/entry5.html,Your thoughts,admin,Sat Sep 20 6:22:04 EDT 2014
content/blog/entry6.html,A poll perhaps?,admin,Fri Sep 19 9:34:23 EDT 2014
content/blog/entry7.html,Something blue,admin,Wed Sep 17 16:12:08 EDT 2014
content/blog/entry8.html,Something red,admin,Mon Sep 15 20:10:34 EDT 2014
content/blog/entry9.html,Having fun,admin,Tue Sep 2 1:02:32 EDT 2014
content/blog/entry10.html,Testing 1 2 3,admin,Sun Sep 24 23:34:43 EDT 2014
content/blog/entry11.html,Almost the older entry,admin,Sun Sep 17 21:54:48 EDT 2014
content/blog/entry12.html,The very first,admin,Mon Sep 11 9:23:29 EDT 2014